,MSL,Mean Temp (C)
MSL,1.0,0.6802150062907811
Mean Temp (C),0.6802150062907811,1.0
